{"cameraMode":{"drawMode":0,"name":"Shaded","section":"Shading Mode"},"sceneLighting":false,"audioPlay":false,"sceneViewState":{"m_AlwaysRefresh":false,"showFog":true,"showSkybox":false,"showFlares":true,"showImageEffects":true,"showParticleSystems":true,"showVisualEffectGraphs":true,"m_FxEnabled":true},"in2DMode":false,"pivot":{"x":-0.5825992822647095,"y":0.19049927592277528,"z":1.2987680435180665},"rotation":{"x":0.0433773547410965,"y":0.6690047383308411,"z":-0.03920155018568039,"w":0.7409818172454834},"size":2.0936529636383058,"orthographic":false}